G,H,I,J,K,L,M,N,O,P,AE,R,S,T,U,V,W,X,Y,Z,AA,AB,AC,AD,AF,AG,AH,AI,AJ,AK,AL,AM,AN,AO,AP,AQ,AR,AS,AT,AU,AV,AW,AX,AY,AZ,BA,BB,BD,BE,BF,BG,BH,BI,BJ,BK,LN,LO,LP,LQ,LR,LS,LT,LU,LV,LW,LX,LY,LZ,MA,MB,MC,MD,ME,MF,MH,MI,MJ,MK,ML,MM,MN,MO,MP,MQ,MR,MS,MT,MU,MV,MW,MX,MY,MZ,NA,NB,NC,ND,NE,NF,NG,NH,NI,NJ,NK,NL,NM,NN,NO,NP,NQ,NR,NS,NT,NU,NV,NW,NX,NY,NZ,OA,OB,OC,OD,OE,OF,OG,OH,OJ,OK,OM,OL,A,B,C,D,E,F
,,,,,,,,,,PROPRIÉTAIRE LOCATAIRE COLOCATAIRE HÉBERGE GRATUITEMENT,,,2023,,,,,,,,,,,"ZZBG
01.01 1971","01 01 1971
930
NOISY LEG",,930,NOISY LE GRAND,DEPARTEMENT,COMMUNE OU PAYS SI NE) À L'ÉTRANGER,"Corringt
ZZBG
(nom d'usage sons ie prenom)",,,,,,,"PRENOM-JEC
01.01.1969","01 01 1969
930
NOISY LEG",,930,,DEPARTEMENT,COMMUNE OU PAYS SI NE(1) A RANGER,PARZZBG,,,,,Karl,10.05.,,,OL,भ,,,,,,,,,,,,INVISET,,,,,,16 253,,,,,,,12 280,,,,CHARGE,,,,,,,,,,,,,,,,,,"DECLARANT 1
a toot",2006,,,,,DECLARANT 2,,,,,,,,X,,17,,,,,,,,,,,,,,2022,30 04 131 483 297,2 30 04 200 718 036,9.996 159,2022
