G,H,I,J,K,L,M,N,O,P,AE,R,S,T,U,V,W,X,Y,Z,AA,AB,AC,AD,AF,AG,AH,AI,AJ,AK,AL,AM,AN,AO,AP,AQ,AR,AS,AT,AU,AV,AW,AX,AY,AZ,BA,BB,BD,BE,BF,BG,BH,BI,BJ,BK,LN,LO,LP,LQ,LR,LS,LT,LU,LV,LW,LX,LY,LZ,MA,MB,MC,MD,ME,MF,MH,MI,MJ,MK,ML,MM,MN,MO,MP,MQ,MR,MS,MT,MU,MV,MW,MX,MY,MZ,NA,NB,NC,ND,NE,NF,NG,NH,NI,NJ,NK,NL,NM,NN,NO,NP,NQ,NR,NS,NT,NU,NV,NW,NX,NY,NZ,OA,OB,OC,OD,OE,OF,OG,OH,OJ,OK,OM,OL,A,B,C,D,E,F,BL,BM,BN,BO,BP,BQ,BR,BS,BT,BU,BV,BW,BX,BY,BZ,CA,CB,CC,CD,CE,CF,CG,CH,CI,CJ,CK,CL,CM,CN,CO,CP,CQ,CR,CS,CT,CU,CV,CW,DI,CY,CZ,DA,DB,DC,DD,DE,DF,DG,DH,DJ,DK,DL,DM,DN,DO,DP,DQ,DR,DS,DT,DU,DV,DW,DX,DY,DZ,EA,EB,EC,ED,EE,EF,EG,EH,EI,EJ,EK,EL,EM,EN,EO,EP,EQ,ER,ES,ET,EU,EV,EW,EX,EY,EZ,FA,FB,FC,FD,FE,FF,FG,FH,GL,FJ,FK,FL,FM,FN,FO,FP,FQ,FR,FS,FT,FU,FV,FW,FX,FY,FZ,GA,GB,GC,GD,GE,GF,GG,GH,GI,GJ,GK,GM,GN,GO,GP,GQ,GR,GS,GT,GU,GV,GW,GX,GY,GZ,HA,HB,HC,HD,HE,HF,HG,HH,HI,HJ,HK,HL,HM,HN,HO,HP,HQ,HS,HT,HU,HV,HW,HX,HY,HZ,IA,IB,IC,ID,IE,IF,IG,IH,II,IJ,IK,IL,IM,IN,IO,IP,IQ,IR,IS,IT,IU,IV,IW,IX,IY,IZ,JA,JB,JC,JD,JE,JF,JG,JH,JI,JJ,JK,JL,JM,JN,JO,JP,JQ,JR,JS,JT,JU,JV,JW,JX,JY,JZ,KA,KB,KC,KD,KE,KF,KG,KH,KI,KJ,KK,KL,KM,KN,KO,KP,KQ,KR,KS,KT,KU,KV,KW,KX,KY,KZ,LA,LB,LC,LD,LE,LF,LG,LH,LI,LJ,LK,LM,LL
؟,SE L'ESPOIR,. 83430,ST MANDRIER,X,,,,noi,,,,,2023,,,,,,E,,,,,THOMASTE,"01 01 1969
03
POC
NOJOY",,ਤੇ 930,NOISY LE GRANDL,DÉPARTEMENT,COMMUNE OU PAYS SI NE(1) À L'ÉTRANGER,"THOMASTE
pres",,,,,,,"PRENOM-JEC
04
4001","01 01 1969
004
U
NOISY",,930,LE GRA,DEPARTEMENT,COMMUNE OU PAY NÉ(E) À L'ÉTRANGER,PARTHOMASTE,,,,J'ai divorcé,ST TROPES,1510512023,,,,,,,,,,,,,,168,,1 INFANT,,,,,,20 464,,,,,,,8 228,,,,"PERS, A A CHARGE",,,,,,,,,,,උපව,,,,,,"aire
1 47",DECLARANT 1,Zegon,,,,,DECLARANT 2,,,,,,,,Xx,Y,,,,,,,,,,,,,,"43
3
Mis",2022,30 04 237 381 418,30 04 237 393 430,9 996 685,- 1910 20 22,,,,,,2022,2022,,,2022,2022,2022,,,,,,,,,F 3,2008,2008,2011,,,,,,,,,,,,,,,,,,,тото Pipo,कल्प 1992,PARIS,"CoCo
CHANEL",11710/1995,Strasbourd,,,,,,,,,,,,,,,,,,,,,,,,,,,,,,,alidite,ou de la,,,,,"Nom, prenom, obte et
de nosso",,,,,,,,,,,,,"INFORMATIONS
Merci de prenche
en
comple
mon
divorce",X Z O P Q T 8 W,RENSEIGNEZ VOTRE RIB SUR VOTRE COMPTE FISCAL EN LIGNE,DECLARANT 1,50 000,,,,,,,,,HEL,,,,,F,,3000,CLARAN,,,,,,,,,,,,,,DECLARANT 2,,,,,,,,,,,,,,,,,,DECLARANT,,,,,,,,,,,300,,,1 PERS. A CHARGE,,,,4000,,,,,,,,,,,,,,,,,,,,,,,,,,,,,,,,,,,,,,,,,,,,,,,,,,,M,,,,,,,,,,,,,,,,107,,,,,,,,,,,,,,,,,,,,,,,
